,AA,SS3,SS8,ASA,HseU,HseD,CN,Psi,Phi,Theta,Tau,P3C,P3E,P3H,P8C,P8S,P8T,P8H,P8G,P8I,P8E,P8B
0,G,C,C,74.8754,0.7381572,8.179944,8.83573,165.77939,-111.21243,123.07364,-149.19318,5.762355,-4.0930095,-5.608279,8.240198,-0.45873952,-2.0343165,-4.203777,-5.474045,-19.667738,-2.4380002,-3.5890262
1,P,C,C,133.15732,1.1080637,5.962845,7.517142,142.64148,-69.74496,109.343864,-102.29596,2.6258528,-3.0771282,-1.743098,3.3805523,-1.2102894,1.6956191,-2.0435338,-1.0411706,-9.766362,-2.597303,-2.2347913
2,G,C,C,70.121254,1.0205183,6.699837,8.163001,122.132324,-96.58031,110.74086,83.1379,2.327989,-3.022185,-1.7854236,2.2557993,1.6378554,1.488179,-2.601823,-1.3229691,-8.5871105,-3.07497,-2.8941963
3,S,C,C,104.69775,1.603562,6.8698616,8.800489,130.66891,-89.41141,113.05569,156.77855,2.293517,-2.2948687,-2.1447902,2.8577576,1.849545,-0.04580611,-2.785572,-1.5483856,-8.462042,-2.4423156,-1.8522563
4,A,C,C,82.200424,2.3231955,7.7816563,10.785701,143.25284,-84.41969,116.40232,-172.1074,2.9598396,-1.9590352,-3.2476242,3.562624,2.4749544,-1.290236,-3.1332023,-3.2666793,-9.629155,-1.8748406,-1.6564115
5,P,C,C,118.19993,2.1469913,8.707455,11.209396,149.33583,-68.83809,115.87661,-109.171265,3.0644026,-2.4046524,-3.084174,3.8657064,1.9637302,-0.8433974,-3.307098,-2.7377717,-10.365118,-2.2865582,-1.9916298
6,L,C,C,134.65163,4.166468,7.473391,12.559275,141.84116,-76.72833,115.552246,-117.25455,3.3395472,-2.512834,-3.3291903,4.0943623,2.215639,-0.91602886,-3.313499,-3.1876574,-10.719355,-2.4551544,-2.1030114
7,P,C,C,107.43001,2.8437958,8.6066475,12.269346,149.63943,-67.70553,115.00961,-108.92986,3.1745148,-2.785369,-2.9063709,3.701548,2.3750882,-0.20636651,-3.4529438,-2.5559978,-10.395986,-2.8128517,-2.5290723
8,N,C,C,137.51004,2.7773306,9.074066,12.960299,126.253456,-89.812164,111.57178,-128.76376,3.3615737,-2.6248703,-3.3789575,3.9067686,3.1074104,-1.1092775,-3.5073829,-3.2403355,-10.455249,-2.7544494,-2.0977666
9,P,C,C,99.896126,2.4098084,10.70638,14.089309,149.57468,-69.97547,117.36132,-120.511986,3.4088504,-2.9580417,-3.1497297,4.21612,2.515187,-0.879869,-3.1006515,-3.0365496,-11.311413,-2.8021388,-2.5646057
10,P,C,C,115.60376,3.7829573,11.405958,16.055542,147.39003,-65.92138,114.84468,-102.87295,2.9155931,-2.7647429,-2.5375767,3.6800642,1.5607818,-0.21749125,-2.8434093,-2.223606,-10.407316,-2.7266793,-2.4944472
11,M,C,C,75.644295,11.8230295,7.903202,19.661573,146.0829,-88.27293,119.69287,-125.921936,2.5894957,-2.1135488,-2.8472793,3.7653966,1.6515765,-1.3536468,-2.3302498,-3.0558114,-10.08723,-2.3155246,-1.1277122
12,T,C,C,68.4751,0.72843295,18.313683,18.816565,164.61768,-80.42098,122.50403,-126.244125,3.06937,-3.3044746,-2.123932,4.518158,1.731389,-1.6314728,-0.78511107,-4.1481686,-11.660288,-3.0164363,-2.7224631
13,P,H,H,71.484505,10.108667,10.828393,20.605352,-40.70015,-56.660934,88.63491,-105.61353,0.57441896,-5.7995358,2.8736618,0.57081556,0.22978497,0.95257425,4.088627,-1.7735574,-6.598432,-5.1080723,-5.818713
14,A,H,H,75.2689,0.5952656,17.584864,18.073992,-40.589867,-63.9888,91.4626,52.003334,0.29819295,-5.783193,2.8894534,0.6997161,-0.6473167,0.8921436,4.2568774,-1.6243942,-6.462995,-4.915853,-5.620653
15,Q,H,H,103.40568,2.708037,17.790775,20.35271,-41.94707,-65.409706,91.35925,49.549004,-0.06297,-5.5626273,3.0021503,0.6741659,-1.0534073,0.3316511,4.424097,-1.3697107,-5.9426956,-4.5637646,-5.3133655
16,H,H,H,25.391754,16.084784,11.617428,27.784758,-41.155373,-65.478966,91.087555,49.329098,-0.33142817,-5.4129086,3.1662884,0.8089653,-1.1168902,-0.173913,4.7218294,-2.0241523,-6.062111,-4.235359,-4.9146233
17,Y,H,H,123.348976,7.9845624,17.781624,25.6224,-40.730896,-64.34875,90.78109,50.05289,-0.34660482,-5.6806707,3.2639742,0.8363254,-1.120418,-0.11272147,4.865732,-2.228798,-6.0711493,-4.474949,-5.1554413
18,A,H,H,57.110973,0.5697257,21.90387,22.284817,-41.48017,-62.637947,91.06183,51.01498,-0.28419888,-5.6722198,3.1890695,0.80786556,-1.0789192,0.07663715,4.782448,-2.2708926,-6.0095057,-4.525793,-5.1904616
19,Q,H,H,59.320717,6.036141,22.71139,29.060825,-39.503273,-65.49487,90.53994,48.237614,-0.355332,-5.6778297,3.3021812,0.71881664,-1.1398996,0.020840943,4.8772364,-2.3956916,-5.9285765,-4.575117,-5.158571
20,A,H,H,3.8644857,14.910239,14.449788,29.50686,-44.87302,-60.590073,90.332214,52.866745,-0.40964183,-5.6110415,3.3172164,0.8507246,-1.2411392,-0.12702543,4.990375,-2.5423574,-6.201476,-4.356778,-5.281481
21,I,H,H,97.121025,1.013343,24.969238,25.624641,-41.94393,-63.52873,91.12058,48.312355,-0.33972344,-5.648109,3.2687938,0.9120468,-1.1694249,-0.03303828,4.9431286,-2.4693136,-6.431341,-4.353053,-5.378257
22,H,H,H,117.17912,1.1986028,24.142605,24.62161,-49.824253,-60.532574,92.504395,50.321846,-0.389623,-5.6521544,3.2916534,0.84303397,-1.1712753,-0.041268766,4.9444923,-2.4983683,-6.190643,-4.3892245,-5.342309
23,H,H,H,28.61,14.738653,15.631987,30.726246,-36.181793,-66.18278,91.56604,45.030136,-0.47499055,-5.6268997,3.3376718,0.7320771,-1.201235,-0.07207402,5.0074515,-2.4819524,-6.0208907,-4.3601265,-5.273462
24,E,H,H,74.58744,11.571305,17.592575,29.017351,-37.84548,-64.77422,89.98892,52.79607,-0.4201525,-5.696144,3.3254995,0.718373,-1.2023735,-0.039464753,4.952892,-2.3766255,-5.8852243,-4.4937754,-5.3425026
25,G,H,H,36.19282,0.5434507,23.477676,23.673008,-42.306007,-64.944466,91.46696,50.373962,-0.30769917,-5.7201514,3.2257466,0.69506025,-1.1389077,0.15525237,4.816932,-2.2819724,-5.8028717,-4.588272,-5.3090143
26,L,H,H,52.929432,3.976433,24.525415,28.7715,-39.667156,-64.51161,89.95141,48.492718,-0.33733162,-5.6018963,3.219383,0.63726974,-1.1814673,0.10585322,4.760763,-2.2588143,-5.6869526,-4.4945517,-5.0544453
27,A,H,H,7.95238,15.767813,13.887019,29.733421,-45.27516,-59.122448,90.57122,52.926334,-0.28267536,-5.716097,3.2151546,0.79781455,-1.1625186,0.10167694,4.8085327,-2.167685,-6.1230545,-4.51333,-5.362974
28,R,H,H,155.19727,0.9172789,26.06619,26.672459,-42.014214,-63.436123,90.74996,48.347034,-0.19791369,-5.6697283,3.1201649,0.79581106,-1.0119877,0.18340132,4.671268,-2.1742277,-6.033426,-4.537147,-5.356002
29,H,H,H,107.39095,0.66519713,24.995855,24.75683,-48.2273,-61.46859,92.63473,49.739964,-0.31461295,-5.544115,3.1647296,0.75686336,-1.0897614,0.026127975,4.716712,-2.2958326,-6.0271654,-4.3923903,-5.24883
30,H,H,H,33.648014,14.294675,15.657129,30.17373,-34.532616,-66.439835,91.42018,45.642654,-0.37006626,-5.6042356,3.2091804,0.68406236,-1.0128639,0.02496322,4.7987995,-2.2956839,-6.0438347,-4.4306364,-5.164489
31,T,H,H,59.966858,12.389559,16.873096,29.215687,-39.771904,-64.7725,89.87851,54.553444,-0.33501875,-5.7398086,3.2171962,0.795849,-1.1730978,-0.012609403,4.807291,-2.394122,-6.115589,-4.508854,-5.3855886
32,T,H,H,80.24751,0.4700198,23.792336,23.828285,-43.621502,-65.09229,91.924324,48.985546,-0.33875403,-5.570268,3.1632152,0.6603116,-1.114732,0.017797451,4.6878505,-2.3245156,-5.7463827,-4.4395413,-5.2134013
33,V,H,H,47.24859,2.7873447,25.467623,28.24011,-42.64936,-63.494274,89.88064,47.94065,-0.39129338,-5.412805,3.141299,0.55700016,-1.0743449,0.0407693,4.626931,-2.3063843,-5.3678236,-4.349802,-4.8819284
34,A,H,H,2.3207448,15.49408,14.164585,29.740345,-44.084705,-59.830624,90.68678,51.59291,-0.25130075,-5.7278705,3.1787372,0.7837684,-1.0769231,0.087717466,4.7056503,-2.3126314,-6.074917,-4.5840726,-5.367816
35,E,H,H,101.84464,1.2733151,25.943949,26.989252,-40.5336,-63.75917,90.77927,49.09912,-0.16179568,-5.7973742,3.1286979,0.75743216,-0.8898003,0.22219603,4.6495676,-2.2310925,-6.1109867,-4.68631,-5.4652247
36,D,H,H,89.27782,0.5468478,24.4696,24.382162,-43.71515,-61.87593,91.128075,51.139893,-0.20981452,-5.8701296,3.1919093,0.7765689,-1.0148,0.16359536,4.728424,-2.2523227,-6.045662,-4.7416663,-5.4913216
37,H,H,H,38.81163,14.161922,15.836242,30.268637,-38.217583,-66.47823,91.36844,47.514915,-0.33635247,-5.7045302,3.201198,0.6252271,-1.0287594,0.11395411,4.7443333,-2.2036314,-5.7785983,-4.561843,-5.2545214
38,R,H,H,100.96746,12.221464,17.059418,29.18147,-38.429886,-65.59092,90.087,51.772934,-0.29648355,-5.6749554,3.1449037,0.6526228,-1.09799,0.110858455,4.6516743,-2.17764,-5.685548,-4.557737,-5.2637587
39,Q,H,H,118.52669,0.4731974,23.129612,23.444921,-41.95421,-65.31876,90.8238,49.8155,-0.23800263,-5.5572066,3.0547893,0.6054891,-1.0360268,0.16374859,4.5071554,-2.1461425,-5.5413675,-4.494903,-5.197961
40,T,H,H,53.761185,2.7139993,24.848711,27.333008,-41.752857,-63.98797,90.48697,48.432365,-0.31001538,-5.2788076,2.9746845,0.43052995,-1.0792999,0.16727005,4.425856,-2.040348,-4.975604,-4.3078136,-4.7398434
41,A,H,H,3.5413003,14.643693,14.091939,28.89404,-43.609085,-60.78185,90.66036,51.478878,-0.20850283,-5.5848236,3.0255048,0.5457994,-0.969924,0.25575426,4.4660525,-1.9432762,-5.460808,-4.5597672,-5.169362
42,N,H,H,86.32437,1.5371628,24.283844,25.77452,-39.16435,-64.20267,90.71254,49.043766,-0.060044866,-5.5740576,2.9492013,0.5518362,-0.8336951,0.3836323,4.3257747,-1.846044,-5.5702353,-4.6227655,-5.2204647
43,L,H,H,94.04618,0.64933985,22.60342,22.909561,-45.44102,-60.811157,91.16071,51.520977,-0.12563829,-5.460291,2.9189258,0.46301383,-0.80853194,0.32394114,4.306202,-1.8747292,-5.306412,-4.517667,-5.043604
44,H,H,H,29.11844,12.633723,15.472044,28.199772,-38.14375,-66.58692,91.522224,45.585323,-0.09918936,-5.3619843,2.8867397,0.5511793,-0.76157993,0.2634564,4.2594028,-1.815418,-5.462663,-4.4331827,-4.9393535
45,D,H,H,55.84494,10.147819,16.675442,26.54306,-42.703835,-61.714764,90.041336,53.70799,-0.04382102,-5.6764107,2.953322,0.67209005,-0.876239,0.27642405,4.3799,-1.8937134,-5.6834946,-4.7169046,-5.3166046
46,N,H,H,99.98883,0.36217344,20.517408,20.84464,-37.98694,-65.68673,91.10617,47.81386,0.08254572,-5.7478366,2.8598077,0.64489746,-0.7439069,0.47218046,4.228382,-1.7231702,-5.6311126,-4.8711486,-5.326379
47,R,H,H,127.27853,3.324777,20.356146,23.676195,-39.15294,-65.321945,90.44151,50.960953,-0.045663506,-5.3521357,2.7712212,0.51002586,-0.68574715,0.3348242,4.138053,-1.7743394,-5.1302586,-4.5183625,-4.8079443
48,I,H,H,34.984592,11.981734,13.72504,25.897354,-43.159756,-65.68401,91.68856,49.92932,0.14738208,-5.401422,2.7001216,0.79714835,-0.67828286,0.35095727,4.0560665,-1.8022125,-5.9097614,-4.5070734,-5.0884886
49,K,H,H,136.60176,0.75319844,20.640232,21.767347,-41.87055,-62.21278,90.775055,49.685158,0.07158509,-5.4647512,2.7464797,0.5459374,-0.6883547,0.4577639,4.072488,-1.7102894,-5.377734,-4.6453724,-5.0938177
50,A,H,H,58.872524,0.6094492,19.370138,19.958326,-40.51922,-64.65508,91.30491,49.18805,0.07912543,-5.340336,2.6787472,0.51421905,-0.636844,0.45675057,3.971215,-1.553293,-5.1514735,-4.5706835,-4.912212
51,A,H,H,22.856972,10.127131,13.803738,23.864338,-41.729046,-65.08989,91.144356,50.56155,0.098643064,-5.1492634,2.5878057,0.61493343,-0.6495038,0.37521088,3.8771758,-1.5320511,-5.2948575,-4.3537874,-4.7692375
52,K,H,H,117.14337,5.8823295,15.987747,22.00046,-39.299088,-65.034065,90.37277,49.835197,0.022548309,-5.1861286,2.581787,0.43151256,-0.79281825,0.41600806,3.8602967,-1.467591,-5.141635,-4.4055758,-4.853845
53,A,H,H,61.675343,0.54205245,16.119013,16.996225,-41.191998,-63.616932,90.681046,51.52312,0.055636875,-4.790391,2.46663,0.48079717,-0.7843604,0.3089677,3.708376,-1.2625121,-5.019085,-4.005643,-4.560252
54,R,H,H,133.42361,3.3691287,14.609732,18.263607,-42.208767,-65.55117,91.427826,49.163326,0.076348335,-4.591171,2.3282745,0.344548,-0.8130249,0.41402566,3.5224235,-0.9767148,-4.766019,-3.8902576,-4.3177695
55,Y,H,H,123.50656,7.27782,11.788507,19.080933,-45.391632,-64.64768,92.00348,48.944256,0.2203028,-4.4220514,2.0742602,0.39423442,-0.7840671,0.60816866,3.2369752,-0.92760485,-4.8043246,-3.7825522,-4.2116184
56,N,H,H,123.36235,1.4627126,13.789891,15.407411,-28.483973,-66.15964,89.8514,49.817513,0.5682768,-4.700942,1.91817,0.3553676,-0.6316303,1.3008237,3.1116552,-0.83452654,-5.6639633,-4.144123,-4.5872664
57,A,C,T,78.574844,0.90543973,11.965234,13.230427,-4.946565,-82.69361,90.79671,54.40468,1.7205542,-4.450863,0.73172843,0.2095305,0.095927946,2.721929,1.8099527,-0.9319358,-6.185608,-4.3304377,-3.7801418
58,G,C,T,61.592438,1.551127,11.680624,13.956797,12.629204,81.83046,96.16999,-109.796974,2.4495323,-3.8678403,-0.8661126,0.89592236,0.9050324,2.906342,-0.5200794,-1.8033283,-6.5169163,-4.0763865,-4.0719194
59,L,C,C,117.50047,2.5085,12.240767,14.8725815,14.977261,-93.5689,102.881424,124.71993,2.3323028,-2.5340066,-1.7497004,2.7235992,1.7370064,-0.067339316,-1.6353929,-2.249461,-7.610407,-2.9922004,-1.9417162
60,D,C,C,64.539055,6.5696797,9.422371,16.693327,113.45316,-102.25054,111.63499,38.55749,2.8754458,-2.456976,-2.2702956,3.7067935,1.8192251,-0.9276776,-1.8456658,-2.5068796,-9.740647,-2.5024753,-1.8992205
61,P,C,T,92.71371,4.477474,11.1768265,16.453896,-16.58984,-69.33121,92.14415,-170.43758,1.5721569,-3.759211,0.4724947,0.8262799,0.61270905,1.9678234,-0.51107264,1.0378754,-6.2467203,-3.8308055,-3.287046
62,N,C,T,141.57042,0.6073674,13.714396,14.655935,-0.8401287,-85.46598,94.03186,56.64603,1.4976839,-3.8848987,0.47170573,0.24372908,0.6819401,2.120975,-0.48072892,1.1122762,-5.477009,-3.8372962,-3.391305
63,G,C,T,51.561924,2.892458,11.879887,15.425696,1.7837054,68.01532,96.94361,19.871101,1.2386068,-3.4182968,0.40919203,0.9743724,0.9282937,1.0576992,-0.3267547,0.810511,-5.822154,-3.390709,-3.1413145
64,L,C,C,67.56846,10.503509,7.9142156,18.728354,145.64322,-84.70179,119.94788,123.68032,1.3429985,-2.0541668,-0.4609499,1.947513,1.0386704,-0.85955524,0.31976223,-1.9031274,-6.195099,-2.2567568,-1.5102813
65,T,C,C,72.75879,1.9215822,16.125978,19.244274,166.07076,-80.19468,118.56686,-124.99185,1.2892762,-2.4556854,-0.17323416,2.3467593,0.12130892,-0.7255947,0.9039855,-1.9966811,-7.375433,-2.2399845,-1.9946163
66,S,H,H,66.66384,4.6191835,17.07308,22.652748,-36.96795,-60.376465,90.74285,-103.37004,0.52752274,-4.150817,1.9605198,0.668272,0.016041955,0.45850712,2.9171722,-1.226995,-5.4855094,-3.6335635,-4.2592673
67,A,H,H,28.514406,11.092787,12.871696,23.947138,-42.035995,-63.574146,91.64316,52.577274,0.41536593,-4.73625,2.2900276,0.4804326,-0.24029586,0.65948015,3.3732085,-1.2277277,-5.627879,-4.0624714,-4.761054
68,Q,H,H,102.44785,3.1002398,18.867973,22.421644,-40.66424,-64.643135,90.92862,49.50842,0.13148245,-4.906356,2.5242326,0.5904334,-0.7004763,0.33145154,3.7439408,-1.1734651,-5.6408877,-4.10568,-4.8356547
69,K,H,H,107.96094,4.033932,19.258308,23.618425,-42.58425,-61.922607,90.74108,53.069424,-0.16331139,-4.9107246,2.7661817,0.550101,-0.83075094,0.04348463,4.104192,-1.5706973,-5.560299,-4.004968,-4.6190395
70,H,H,H,46.097515,12.92118,15.423445,28.453745,-37.233364,-66.39935,91.4196,48.44913,-0.28523237,-4.9577208,2.819336,0.55192494,-0.9600317,0.01552557,4.2626085,-1.8381078,-5.5775414,-3.9104114,-4.6490555
71,Q,H,H,68.294876,9.639265,17.791048,27.474653,-40.225685,-65.459885,90.65817,51.751728,-0.40731764,-5.0194874,2.9536414,0.49107593,-1.1365494,-0.12889783,4.3914347,-1.9880419,-5.4049187,-3.933877,-4.8074775
72,I,H,H,86.67633,1.7686586,21.570253,23.875734,-42.783375,-64.045456,91.42514,50.070827,-0.42683047,-4.857462,2.956173,0.43616796,-1.1112714,-0.1346448,4.3619175,-2.1004467,-5.166363,-3.8258817,-4.6311026
73,E,H,H,65.01733,5.575356,23.177784,29.04188,-40.49725,-64.79209,90.73537,48.420277,-0.3027037,-5.414714,3.0738761,0.59042597,-0.979511,0.061100166,4.571541,-2.2363591,-5.767353,-4.3384576,-5.0753074
74,R,H,H,52.131332,14.771473,14.784721,29.745054,-47.392002,-60.57752,91.3938,51.732925,-0.24055718,-5.6487074,3.1451955,0.79784334,-1.0548996,0.08033663,4.6830187,-2.356983,-6.21618,-4.487749,-5.3914013
75,D,H,H,88.26584,0.94744897,25.13437,26.03261,-39.0636,-63.567654,90.841995,47.918037,-0.1838313,-5.823373,3.2171612,0.87656546,-1.0500455,0.12121433,4.7914915,-2.3493652,-6.477691,-4.629421,-5.608246
76,H,H,H,100.7609,1.4929311,23.951782,25.093498,-48.86871,-61.55959,92.32015,51.3243,-0.39684963,-5.6998253,3.287028,0.7344558,-1.1294131,-0.020861845,4.9009457,-2.4206598,-6.086776,-4.4572477,-5.402583
77,H,H,H,25.006086,15.525198,15.147209,30.9734,-37.89854,-66.26582,91.633835,45.08679,-0.6466254,-5.4618483,3.3815742,0.5868088,-1.295861,-0.22669482,5.0705576,-2.4975429,-5.829664,-4.1616397,-5.172975
78,L,H,H,63.604816,10.511019,18.351032,28.81919,-37.46998,-65.08095,89.947,52.36447,-0.54144114,-5.576349,3.3541334,0.6627114,-1.3135569,-0.19430208,5.0007052,-2.4258013,-5.855863,-4.3061447,-5.284766
79,S,H,H,65.00836,0.5269284,23.448807,23.78357,-42.165474,-65.43686,91.52324,49.89891,-0.35216534,-5.655084,3.2141237,0.736587,-1.1791142,0.017329644,4.814231,-2.3904138,-6.0285406,-4.445955,-5.346031
80,L,H,H,60.233208,4.8589478,24.048277,29.098785,-38.968414,-65.06038,90.133675,48.665916,-0.41879448,-5.578222,3.280074,0.50890815,-1.2024932,0.10546993,4.8314986,-2.309821,-5.4635634,-4.4928193,-5.0216436
81,A,H,H,3.420044,14.538658,14.50409,29.299658,-43.714832,-62.02878,90.84213,51.98479,-0.4046262,-5.6704464,3.3211198,0.5737595,-1.1424806,0.034661334,4.85653,-2.2179308,-5.7424545,-4.533802,-5.2369704
82,A,H,H,55.785385,0.73313254,25.802176,25.993189,-41.742413,-62.83642,91.023056,49.808228,-0.1835532,-5.922134,3.229909,0.72294354,-0.98999286,0.22632372,4.784358,-2.1664696,-6.190612,-4.763344,-5.624198
83,Q,H,H,104.559685,0.76670605,24.489717,24.531807,-42.28256,-63.5945,91.06333,49.524353,-0.3193735,-5.7354693,3.2263865,0.57722473,-1.0694618,0.11311947,4.747364,-2.2198658,-5.644202,-4.6398287,-5.323378
84,A,H,H,10.934577,14.750585,14.992647,29.976704,-39.850735,-63.72396,90.81832,50.72808,-0.33642572,-5.797329,3.2690258,0.6632412,-1.1261944,0.090310335,4.843218,-2.2267246,-5.9514003,-4.620808,-5.4033256
85,E,H,H,94.572075,9.953186,18.631525,28.499645,-38.432884,-65.028305,90.354744,51.129265,-0.24692206,-5.7734985,3.177432,0.73137677,-1.0932251,0.11127925,4.705602,-2.1719682,-5.945066,-4.6307635,-5.362283
86,R,H,H,160.56561,0.44779146,23.458647,23.729103,-42.403667,-64.9849,90.86421,50.3508,-0.15329693,-5.8163977,3.1228862,0.7544551,-0.95993346,0.23624095,4.6229243,-2.162385,-5.9848266,-4.734097,-5.4186335
87,H,H,H,86.06325,4.324604,23.77748,28.38556,-39.722454,-65.634384,90.85653,47.662952,-0.18347864,-5.662422,3.0701556,0.6502719,-0.94233626,0.19275561,4.5517488,-2.1795688,-5.759729,-4.6708717,-5.020965
88,A,H,H,5.9600267,15.493038,13.943996,29.486649,-43.303474,-60.532803,90.23805,52.446877,-0.267953,-5.7426443,3.2557693,0.717683,-1.0539439,0.08917992,4.7732487,-2.1727664,-6.044964,-4.5954204,-5.3690147
89,A,H,H,55.305588,0.91423804,25.186674,25.947454,-41.720547,-62.326294,90.843124,50.25689,-0.20098078,-5.8665495,3.2396646,0.7261605,-0.96551883,0.20350033,4.76717,-2.0968053,-6.145114,-4.737568,-5.5498533
90,T,H,H,65.058655,0.9261312,24.720093,24.818855,-45.298763,-61.90776,91.73908,50.394936,-0.31799442,-5.8035064,3.236156,0.708354,-1.0476838,0.07326506,4.807979,-2.3009892,-6.0097065,-4.6299524,-5.411174
91,H,H,H,30.068254,15.212956,15.083731,30.60078,-37.234447,-65.89822,91.372025,46.763977,-0.45853823,-5.5835013,3.2755165,0.6365061,-1.0962663,-0.0799738,4.8822565,-2.4262238,-5.796479,-4.426607,-5.0170727
92,N,H,H,77.32875,10.714954,17.80697,28.43575,-38.059994,-64.33708,89.8592,52.90172,-0.32147503,-5.671987,3.205183,0.82946324,-1.1734207,-0.038006984,4.783724,-2.347619,-6.1275783,-4.4651814,-5.285438
93,R,H,H,169.78821,0.53765786,23.449474,23.859314,-42.199562,-65.16519,91.15912,49.22775,-0.30796525,-5.750181,3.2127876,0.7496998,-1.1101217,0.06335258,4.7961535,-2.3836854,-5.9215107,-4.60574,-5.351947
94,E,H,H,63.088264,5.3592653,23.583246,29.235678,-40.502514,-65.58238,90.89395,47.47965,-0.37918425,-5.676963,3.2505689,0.6521627,-1.1255972,0.037498176,4.8133564,-2.3082025,-5.665754,-4.5464907,-5.179389
95,A,H,H,3.093918,15.02899,14.286076,29.487003,-43.66738,-60.7362,90.39127,52.449486,-0.38603115,-5.651745,3.264474,0.7960281,-1.2144523,-0.072262935,4.88327,-2.2992349,-6.04137,-4.4232235,-5.2452726
96,A,H,H,54.795784,0.9881574,24.74121,25.474142,-40.631207,-63.439095,90.795265,49.471504,-0.428891,-5.5112953,3.2476764,0.7108518,-1.2503233,-0.060851872,4.853061,-2.1917157,-5.818825,-4.2743635,-5.2744803
97,Y,H,H,112.534,1.9142449,22.866064,24.368586,-46.963142,-60.787575,91.47615,51.504898,-0.49468142,-5.2898836,3.1870618,0.5809701,-1.3083696,-0.10232788,4.7575703,-2.1427727,-5.3291855,-4.1018925,-5.054376
98,H,H,H,16.299648,16.705708,13.408795,30.442831,-38.89649,-64.84459,91.265915,46.77955,-0.43090963,-5.103553,2.9919329,0.49826336,-1.2993846,0.06611109,4.503419,-1.8106096,-5.1084676,-3.9903908,-4.8905277
99,R,H,H,115.69836,10.547459,16.559162,27.108189,-40.16814,-64.56971,90.35446,51.80293,-0.09131847,-5.3919907,2.7957835,0.46280694,-1.2553031,0.48991168,4.219866,-1.3626374,-5.3907595,-4.4654293,-5.151906
100,L,H,H,115.61837,0.39368215,20.614954,21.086363,-40.662666,-66.251144,92.22369,48.098724,0.3799469,-5.4341507,2.378829,0.38432068,-0.8883335,1.2205763,3.7548196,-1.1397896,-5.8129635,-4.6710052,-5.1321287
101,H,H,H,82.76661,7.2373204,16.817505,23.86209,-19.497019,-75.903625,94.06211,45.670425,1.1684527,-4.636205,1.3875647,0.7074694,-0.090403914,1.808904,2.44459,-1.1800026,-6.5347705,-4.406417,-4.1788483
102,S,C,C,33.38318,15.715006,9.518141,24.908989,-19.334396,-70.06345,89.97062,65.63487,1.6316631,-4.279522,0.50479615,1.677872,0.23590273,1.5170367,1.2194021,-1.1217382,-7.5317335,-4.277313,-3.8758419
103,Q,C,C,139.87608,3.5159528,16.586721,20.075436,-7.9372635,-87.40377,94.44726,58.0372,1.7817531,-4.036184,-0.053518813,1.7843641,1.1192343,1.2053794,0.366317,-1.0113008,-7.5231543,-4.2650843,-3.484558
104,T,C,C,92.24035,4.5926833,12.125785,17.619062,136.33354,-87.13531,116.27929,98.209816,2.862413,-2.8920646,-2.3265853,3.0584335,2.905359,-0.773622,-1.8793998,-2.9782772,-9.255426,-3.0892658,-2.4434934
105,P,C,C,96.965454,4.460496,11.162053,16.40009,146.87663,-66.847466,116.09635,-114.469894,2.7268217,-2.8032732,-2.2354174,3.4493148,1.7282083,-0.16183913,-2.079626,-2.1534927,-9.309475,-3.1030874,-2.3490548
106,A,C,C,73.89952,5.1353326,8.617604,14.443968,142.43402,-72.66263,115.13265,-112.62238,2.8608432,-2.9616497,-2.0053053,3.5983417,1.6885961,-0.48371857,-1.8491554,-2.0465841,-9.483584,-3.0848231,-2.5465631
107,P,C,C,126.81439,1.6381776,9.454352,11.481042,138.55577,-65.667755,111.98256,-105.632195,2.2248464,-3.0253825,-1.2975588,2.037107,1.3460134,1.8287195,-1.5556679,-1.219245,-7.354538,-3.5539365,-2.5729876
108,G,C,T,71.36822,0.34468216,9.074411,9.989402,0.22277759,89.031075,97.655304,22.90815,2.2753758,-3.459545,-1.1164076,1.822048,1.293394,1.8509054,-1.5059023,-1.1764559,-7.3436255,-3.4826002,-3.526672
109,T,C,C,102.03457,3.2901301,7.66553,11.461354,144.19681,-95.57245,117.79822,116.74614,1.8914509,-2.3359268,-1.1800612,2.2007895,1.2484379,-0.0053217164,-1.3029151,-1.1047924,-7.063751,-2.2192771,-2.3254328
110,K,C,C,170.96228,2.6253169,9.375794,12.250509,145.68436,-96.95408,118.786835,-149.61415,1.6678677,-1.6377847,-1.5042686,2.2766032,0.75304794,-0.5851268,-1.0371293,-1.8309228,-7.0953994,-1.375526,-1.6553339
111,R,C,C,152.19965,5.810689,7.31314,13.425242,147.74158,-97.05574,123.01001,-141.54788,1.7667856,-1.7775297,-1.3759463,2.5344863,0.72572464,-0.96567416,-0.7830204,-1.8547647,-7.6589465,-1.3155584,-1.9614156
112,S,C,C,68.57704,1.4765276,10.230182,12.083489,158.1525,-78.06538,120.920296,-118.849495,1.766228,-2.0924518,-1.064518,2.6270187,0.29196984,-0.76793694,-0.4425938,-1.3192533,-7.925601,-1.5465592,-2.4308195
113,I,C,C,134.8508,3.1370296,7.496737,11.191838,-29.760939,-63.8768,90.757126,-112.667854,1.191922,-3.6893556,0.9930539,1.110091,0.2946475,0.7853365,0.72001666,1.0751665,-6.26937,-3.415083,-3.8124504
114,D,C,C,124.63367,0.73854995,9.036465,10.089168,-20.419323,-72.01351,92.389854,60.81182,1.1491358,-4.1170425,0.94934773,1.1822712,0.11317371,1.0091071,0.7852997,1.1034068,-7.1102004,-3.6666992,-4.297535
115,E,C,C,135.75209,2.6594286,7.366528,10.454601,-11.261783,-80.55162,94.71978,59.683903,1.023272,-3.6202638,0.7476095,1.1728041,0.09219015,0.8621267,0.46711108,1.1595439,-7.2545066,-3.1843593,-3.9213328
116,L,C,C,131.58852,3.4738853,5.9330974,9.842317,13.08972,-92.09356,99.16967,64.97863,1.5213087,-3.1809678,0.22698545,2.598514,-2.3474798,1.1558839,0.67675704,0.54650944,-8.851593,-2.7792864,-2.4103491
117,D,C,C,149.40019,1.0284516,10.970871,11.242319,115.67684,-88.57099,108.35934,134.22807,4.6372557,-4.7968907,-3.457992,6.7744975,-1.1063038,-0.8183381,-2.5541694,-3.7119908,-19.225183,-2.9854581,-5.6827197
